id,type,title,priority,labels,environment,fix_version,status,description,preconditions,reproduction_steps,actual_result,expected_result,user_story,acceptance_criteria,notes,design_materials,api,analogs,documentation,devices,backend_api,links,subtasks,assignee,role,github_issue_url,github_issue_state_at_import,responsible,project_status,project_priority,project_role,start_date,target_date,github_issue_state
MOD-EPIC-01,Epic,Витрина и структура B2B-лендинга,Высокий,"epic,landing,ux",https://akov40320.github.io/modul-labs/,MVP-1.0,Готово,"Собрать понятную одностраничную витрину с якорями, описанием продукта, FAQ и контактным призывом.",,,,,"Как корпоративный заказчик, я хочу быстро понять пользу «Модуля», чтобы решить, оставлять ли запрос.",AC1: Дано страница открыта. Когда пользователь выбирает пункт меню. Тогда открывается соответствующий раздел. | AC2: Дано мобильная ширина. Когда страница отображается. Тогда блоки не перекрываются.,Эпик группирует MOD-101..103.,https://www.figma.com/design/QJOUjnQiwxzXIUY2ATDpZm/; docs/design/wireframes.html; docs/design/user-flow.drawio,Серверный API не реализован в MVP,Не указан,docs/wiki/MVP-Scope.md; https://github.com/akov40320/modul-labs/wiki; https://github.com/akov40320/modul-labs,Все,Форма приложения: localStorage; внешний канал: https://forms.yandex.ru/u/6ac336f295add59f2d7597ad; CRM/API pending,Нет,MOD-101; MOD-102; MOD-103,akov40320,Team Lead / frontend,https://github.com/akov40320/modul-labs/issues/2,open,А.А. Первых,Done,P1,Team Lead / frontend,2026-10-05,2026-10-10,closed
MOD-EPIC-02,Epic,Каталог и фильтрация,Высокий,"epic,catalog,filters",https://akov40320.github.io/modul-labs/,MVP-1.0,Готово,"Добавить демонстрационные наборы, карточки, поиск, категории, сортировку и локальный редактор каталога.",,,,,"Как заказчик, я хочу сравнить наборы, чтобы выбрать подходящий вариант.",AC1: Дано каталог заполнен. Когда выбран фильтр. Тогда список обновляется. | AC2: Дано редактор изменил набор. Когда каталог открыт снова. Тогда изменение видно локально.,Эпик группирует MOD-201..203.,https://www.figma.com/design/QJOUjnQiwxzXIUY2ATDpZm/; docs/design/wireframes.html; docs/design/user-flow.drawio,Серверный API не реализован в MVP,Не указан,docs/wiki/MVP-Scope.md; https://github.com/akov40320/modul-labs/wiki; https://github.com/akov40320/modul-labs,Все,Форма приложения: localStorage; внешний канал: https://forms.yandex.ru/u/6ac336f295add59f2d7597ad; CRM/API pending,Нет,MOD-201; MOD-202; MOD-203,akov40320,Team Lead / frontend,https://github.com/akov40320/modul-labs/issues/3,open,А.А. Первых,Done,P1,Team Lead / frontend,2026-10-05,2026-10-10,closed
MOD-EPIC-03,Epic,Заявка и локальные данные,Высокий,"epic,form,localstorage",https://akov40320.github.io/modul-labs/,MVP-1.0,Готово,"Реализовать расчет партии, валидацию заявки, localStorage, просмотр, экспорт и очистку.",,,,,"Как заказчик, я хочу сохранить запрос, чтобы показать результат сценария.",AC1: Дано обязательные поля заполнены. Когда отправлена форма. Тогда запись появляется в кабинете. | AC2: Дано данные локальные. Когда выполнен экспорт. Тогда скачивается JSON.,Эпик группирует MOD-301..303.,https://www.figma.com/design/QJOUjnQiwxzXIUY2ATDpZm/; docs/design/wireframes.html; docs/design/user-flow.drawio,Серверный API не реализован в MVP,Не указан,docs/wiki/MVP-Scope.md; https://github.com/akov40320/modul-labs/wiki; https://github.com/akov40320/modul-labs,Все,Форма приложения: localStorage; внешний канал: https://forms.yandex.ru/u/6ac336f295add59f2d7597ad; CRM/API pending,Нет,MOD-301; MOD-302; MOD-303,akov40320,backend / DevOps,https://github.com/akov40320/modul-labs/issues/4,open,Дмитрий Орлов,Done,P1,backend / DevOps,2026-10-05,2026-10-10,closed
MOD-EPIC-04,Epic,Документация и качество,Средний,"epic,docs,ci",https://akov40320.github.io/modul-labs/,MVP-1.0,В работе,"Связать требования, Wiki, User Flow, макеты и реальные результаты CI/CD с задачами проекта.",,,,,"Как участник лабораторной, я хочу связать требования и проверку, чтобы отчет был воспроизводимым.","AC1: Дано опубликованные материалы. Когда открыта документация. Тогда доступны требования, макеты, доска и проверки. | AC2: Дано внешнее действие. Когда читается отчет. Тогда указаны проверенный URL и фактическое состояние.","Wiki, Figma, Project, CI/CD и Pages проверены; итоговые отчеты MOD-403 в работе.",https://www.figma.com/design/QJOUjnQiwxzXIUY2ATDpZm/; docs/design/wireframes.html; docs/design/user-flow.drawio,Серверный API не реализован в MVP,Не указан,docs/wiki/MVP-Scope.md; https://github.com/akov40320/modul-labs/wiki; https://github.com/akov40320/modul-labs,Все,Форма приложения: localStorage; внешний канал: https://forms.yandex.ru/u/6ac336f295add59f2d7597ad; CRM/API pending,Нет,MOD-401; MOD-402; MOD-403,akov40320,аналитик / дизайн / QA,https://github.com/akov40320/modul-labs/issues/5,open,Мария Волкова,In Progress,P2,аналитик / дизайн / QA,2026-10-05,2026-10-10,open
MOD-101,Доработка,Hero и якорная навигация,Высокий,"landing,hero,nav",https://akov40320.github.io/modul-labs/,MVP-1.0,Готово,"Сверстать hero-блок и меню с переходами к разделам продукта, каталога, FAQ и формы.",,,,,"Как корпоративный заказчик, я хочу сразу увидеть предложение и перейти к нужному разделу, чтобы сэкономить время.",AC1: Дано страница загружена. Когда нажата кнопка «Подобрать набор». Тогда открывается каталог. | AC2: Дано открыт мобильный экран. Когда нажато «Меню». Тогда навигация раскрывается без выхода за экран. | AC3: Дано включен скринридер. Когда читается меню. Тогда ссылки имеют доступные названия.,Текст должен оставаться демонстрационным; внешние аналитика и видео не подключаются Evidence: ../../evidence/browser-checks.json; ../../project/evidence/test.log; ../../project/evidence/lint.log; ../../project/evidence/build.log.,https://www.figma.com/design/QJOUjnQiwxzXIUY2ATDpZm/; docs/design/wireframes.html; docs/design/user-flow.drawio,Серверный API не реализован в MVP,Не указан,docs/wiki/MVP-Scope.md; https://github.com/akov40320/modul-labs/wiki; https://github.com/akov40320/modul-labs,Все,Форма приложения: localStorage; внешний канал: https://forms.yandex.ru/u/6ac336f295add59f2d7597ad; CRM/API pending,Нет,UX/UI: wireframe; фронтенд: hero/nav; тестирование: anchors/a11y,akov40320,Team Lead / frontend,https://github.com/akov40320/modul-labs/issues/6,open,А.А. Первых,Done,P1,Team Lead / frontend,2026-10-05,2026-10-10,closed
MOD-102,Доработка,"Контентные блоки, FAQ и контакты",Высокий,"landing,content,faq",https://akov40320.github.io/modul-labs/,MVP-1.0,Готово,"Добавить блоки о продукте, компании, FAQ и контактах с ясным учебным предупреждением.",,,,,"Как заказчик, я хочу получить ответы на частые вопросы, чтобы решить, оставлять ли заявку.","AC1: Дано FAQ закрыт. Когда пользователь раскрывает вопрос. Тогда ответ становится видимым. | AC2: Дано контактный блок открыт. Когда пользователь читает его. Тогда указано, что контакты демонстрационные.","Не указывать реальные обещания поставки, цены или связи с LEGO Evidence: ../../evidence/browser-checks.json; ../../project/evidence/test.log; ../../project/evidence/lint.log; ../../project/evidence/build.log.",https://www.figma.com/design/QJOUjnQiwxzXIUY2ATDpZm/; docs/design/wireframes.html; docs/design/user-flow.drawio,Серверный API не реализован в MVP,Не указан,docs/wiki/MVP-Scope.md; https://github.com/akov40320/modul-labs/wiki; https://github.com/akov40320/modul-labs,Все,Форма приложения: localStorage; внешний канал: https://forms.yandex.ru/u/6ac336f295add59f2d7597ad; CRM/API pending,Нет,Аналитика: структура; фронтенд: блоки; QA: FAQ и предупреждения,akov40320,аналитик / дизайн / QA,https://github.com/akov40320/modul-labs/issues/7,open,Мария Волкова,Done,P1,аналитик / дизайн / QA,2026-10-05,2026-10-10,closed
MOD-103,Доработка,Адаптивность и базовая доступность,Средний,"landing,responsive,seo",https://akov40320.github.io/modul-labs/,MVP-1.0,Готово,"Проверить сетку, типографику, фокус клавиатуры, alt-тексты и базовые meta-теги.",,,,,"Как пользователь любого устройства, я хочу читать лендинг без потери контента, чтобы понять предложение.",AC1: Дано ширина от мобильной до десктопной. Когда прокручивается страница. Тогда горизонтального скролла нет. | AC2: Дано интерактивный элемент в фокусе. Когда пользователь идет Tab. Тогда фокус видим. | AC3: Дано изображение декоративное. Когда включен скринридер. Тогда alt-текст соответствует назначению.,SEO ограничивается локальными title/description; аналитика third-party pending Evidence: ../../evidence/browser-checks.json; ../../project/evidence/test.log; ../../project/evidence/lint.log; ../../project/evidence/build.log.,https://www.figma.com/design/QJOUjnQiwxzXIUY2ATDpZm/; docs/design/wireframes.html; docs/design/user-flow.drawio,Серверный API не реализован в MVP,Не указан,docs/wiki/MVP-Scope.md; https://github.com/akov40320/modul-labs/wiki; https://github.com/akov40320/modul-labs,Все,Форма приложения: localStorage; внешний канал: https://forms.yandex.ru/u/6ac336f295add59f2d7597ad; CRM/API pending,Нет,UX/UI: wireframes; QA: responsive/keyboard; docs: DoD,akov40320,аналитик / дизайн / QA,https://github.com/akov40320/modul-labs/issues/8,open,Мария Волкова,Done,P2,аналитик / дизайн / QA,2026-10-05,2026-10-10,closed
MOD-201,Доработка,Каталог наборов и карточки,Высокий,"catalog,data,cards",https://akov40320.github.io/modul-labs/,MVP-1.0,Готово,"Создать демонстрационный набор данных и карточки с категорией, ценой, деталями и минимальной партией.",,,,,"Как заказчик, я хочу видеть характеристики наборов, чтобы выбрать кандидат для запроса.","AC1: Дано каталог открыт. Когда отображается карточка. Тогда есть название, категория, цена, детали и минимальная партия. | AC2: Дано карточек нет. Когда состояние пустое. Тогда показано понятное сообщение.",Все товары учебные; цены демонстрационные Evidence: ../../evidence/browser-checks.json; ../../project/evidence/test.log; ../../project/evidence/lint.log; ../../project/evidence/build.log.,https://www.figma.com/design/QJOUjnQiwxzXIUY2ATDpZm/; docs/design/wireframes.html; docs/design/user-flow.drawio,Серверный API не реализован в MVP,Не указан,docs/wiki/MVP-Scope.md; https://github.com/akov40320/modul-labs/wiki; https://github.com/akov40320/modul-labs,Все,Форма приложения: localStorage; внешний канал: https://forms.yandex.ru/u/6ac336f295add59f2d7597ad; CRM/API pending,Нет,Аналитика: поля данных; фронтенд: cards; QA: empty state,akov40320,Team Lead / frontend,https://github.com/akov40320/modul-labs/issues/9,open,А.А. Первых,Done,P1,Team Lead / frontend,2026-10-05,2026-10-10,closed
MOD-202,Доработка,"Фильтры, поиск и сортировка каталога",Высокий,"catalog,filters,search",https://akov40320.github.io/modul-labs/,MVP-1.0,Готово,"Добавить фильтр категории, поиск по тексту, предел цены и сортировку по цене/деталям.",,,,,"Как заказчик, я хочу сузить каталог, чтобы быстро найти подходящий набор.",AC1: Дано выбрана категория. Когда список обновлен. Тогда отображаются только ее карточки. | AC2: Дано строка поиска не совпадает. Когда выполнен поиск. Тогда показано «ничего не найдено». | AC3: Дано выбрана сортировка. Когда список отрисован. Тогда порядок соответствует выбору.,Фильтры работают без сети и не меняют исходный набор данных Evidence: ../../evidence/browser-checks.json; ../../project/evidence/test.log; ../../project/evidence/lint.log; ../../project/evidence/build.log.,https://www.figma.com/design/QJOUjnQiwxzXIUY2ATDpZm/; docs/design/wireframes.html; docs/design/user-flow.drawio,Серверный API не реализован в MVP,Не указан,docs/wiki/MVP-Scope.md; https://github.com/akov40320/modul-labs/wiki; https://github.com/akov40320/modul-labs,Все,Форма приложения: localStorage; внешний канал: https://forms.yandex.ru/u/6ac336f295add59f2d7597ad; CRM/API pending,Нет,Фронтенд: controls; тестирование: positive/empty; документация: US-02,akov40320,Team Lead / frontend,https://github.com/akov40320/modul-labs/issues/10,open,А.А. Первых,Done,P1,Team Lead / frontend,2026-10-05,2026-10-10,closed
MOD-203,Доработка,Учебный редактор каталога,Средний,"catalog,editor,localstorage",https://akov40320.github.io/modul-labs/,MVP-1.0,Готово,"Сделать открытый редактор добавления, изменения, удаления и восстановления демонстрационных позиций.",,,,,"Как учебный менеджер, я хочу менять каталог в браузере, чтобы показать сценарий администрирования без сервера.",AC1: Дано обязательные поля заполнены. Когда сохранена новая позиция. Тогда карточка появляется в каталоге. | AC2: Дано позиция существует. Когда нажато редактирование. Тогда поля заполнены ее данными. | AC3: Дано нажато восстановление. Когда действие завершено. Тогда исходные позиции возвращены.,Редактор не является защищенной админкой и не должен получать реальные данные Evidence: ../../evidence/browser-checks.json; ../../project/evidence/test.log; ../../project/evidence/lint.log; ../../project/evidence/build.log.,https://www.figma.com/design/QJOUjnQiwxzXIUY2ATDpZm/; docs/design/wireframes.html; docs/design/user-flow.drawio,Серверный API не реализован в MVP,Не указан,docs/wiki/MVP-Scope.md; https://github.com/akov40320/modul-labs/wiki; https://github.com/akov40320/modul-labs,Все,Форма приложения: localStorage; внешний канал: https://forms.yandex.ru/u/6ac336f295add59f2d7597ad; CRM/API pending,Нет,UX/UI: wireframe; фронтенд: editor; QA: localStorage isolation,akov40320,backend / DevOps,https://github.com/akov40320/modul-labs/issues/11,open,Дмитрий Орлов,Done,P2,backend / DevOps,2026-10-05,2026-10-10,closed
MOD-301,Доработка,Валидация формы коммерческого предложения,Высокий,"form,validation,lead",https://akov40320.github.io/modul-labs/,MVP-1.0,Готово,"Сверстать поля имени, компании, email, телефона, набора, количества, комментария и согласия; вывести ошибки у полей.",,,,,"Как заказчик, я хочу заполнить коммерческий запрос, чтобы сохранить его для демонстрации.",AC1: Дано обязательные поля пусты. Когда нажата отправка. Тогда у каждого поля есть сообщение ошибки. | AC2: Дано email неверен. Когда поле проверено. Тогда отправка блокируется. | AC3: Дано согласие не отмечено. Когда нажата отправка. Тогда запись не создается.,Точный состав полей см. `docs/lab1/form-spec.json` Evidence: ../../evidence/browser-checks.json; ../../project/evidence/test.log; ../../project/evidence/lint.log; ../../project/evidence/build.log.,https://www.figma.com/design/QJOUjnQiwxzXIUY2ATDpZm/; docs/design/wireframes.html; docs/design/user-flow.drawio,Серверный API не реализован в MVP,Не указан,docs/wiki/MVP-Scope.md; https://github.com/akov40320/modul-labs/wiki; https://github.com/akov40320/modul-labs,Все,Форма приложения: localStorage; внешний канал: https://forms.yandex.ru/u/6ac336f295add59f2d7597ad; CRM/API pending,Нет,Фронтенд: form; QA: validation; docs: form-spec,akov40320,Team Lead / frontend,https://github.com/akov40320/modul-labs/issues/12,open,А.А. Первых,Done,P1,Team Lead / frontend,2026-10-05,2026-10-10,closed
MOD-302,Доработка,Расчет партии и сохранение заявки,Высокий,"form,quote,localstorage",https://akov40320.github.io/modul-labs/,MVP-1.0,Готово,"Рассчитывать сумму и скидку по набору и количеству, сохранять валидную заявку локально.",,,,,"Как заказчик, я хочу увидеть ориентировочную стоимость, чтобы оценить запрос до сохранения.",AC1: Дано количество ниже минимума. Когда значение изменено. Тогда показана ошибка. | AC2: Дано допустимое количество. Когда значение изменено. Тогда сумма и скидка пересчитаны. | AC3: Дано форма валидна. Когда сохранена. Тогда запись доступна после обновления страницы.,Нет серверного API; localStorage очищается пользователем браузера Evidence: ../../evidence/browser-checks.json; ../../project/evidence/test.log; ../../project/evidence/lint.log; ../../project/evidence/build.log.,https://www.figma.com/design/QJOUjnQiwxzXIUY2ATDpZm/; docs/design/wireframes.html; docs/design/user-flow.drawio,Серверный API не реализован в MVP,Не указан,docs/wiki/MVP-Scope.md; https://github.com/akov40320/modul-labs/wiki; https://github.com/akov40320/modul-labs,Все,Форма приложения: localStorage; внешний канал: https://forms.yandex.ru/u/6ac336f295add59f2d7597ad; CRM/API pending,Нет,Аналитика: formula; фронтенд: quote/storage; QA: boundaries,akov40320,backend / DevOps,https://github.com/akov40320/modul-labs/issues/13,open,Дмитрий Орлов,Done,P1,backend / DevOps,2026-10-05,2026-10-10,closed
MOD-303,Доработка,"Кабинет заявок, экспорт и очистка",Средний,"workspace,export,privacy",https://akov40320.github.io/modul-labs/,MVP-1.0,Готово,"Показать локальные заявки, дать экспорт JSON и удаление отдельных записей/всех записей.",,,,,"Как учебный менеджер, я хочу контролировать локальные заявки, чтобы не путать их с реальными обращениями.",AC1: Дано заявки есть. Когда открыт кабинет. Тогда список и счетчик отображаются. | AC2: Дано заявки есть. Когда нажата кнопка экспорта. Тогда создается JSON-файл без сети. | AC3: Дано запись удалена. Когда список обновился. Тогда она не показывается.,В интерфейсе явно указать учебный режим и запрет реальных персональных данных Evidence: ../../evidence/browser-checks.json; ../../project/evidence/test.log; ../../project/evidence/lint.log; ../../project/evidence/build.log.,https://www.figma.com/design/QJOUjnQiwxzXIUY2ATDpZm/; docs/design/wireframes.html; docs/design/user-flow.drawio,Серверный API не реализован в MVP,Не указан,docs/wiki/MVP-Scope.md; https://github.com/akov40320/modul-labs/wiki; https://github.com/akov40320/modul-labs,Все,Форма приложения: localStorage; внешний канал: https://forms.yandex.ru/u/6ac336f295add59f2d7597ad; CRM/API pending,Нет,Фронтенд: workspace; QA: export/delete; docs: privacy note,akov40320,backend / DevOps,https://github.com/akov40320/modul-labs/issues/14,open,Дмитрий Орлов,Done,P2,backend / DevOps,2026-10-05,2026-10-10,closed
MOD-401,Доработка,"Wiki, User Flow и wireframes",Средний,"docs,wiki,design",https://akov40320.github.io/modul-labs/,MVP-1.0,Готово,"Подготовить и опубликовать Wiki Home, Team, Glossary, Onboarding, Decision Log и MVP Scope; связать User Flow и макеты Figma.",,,,,"Как участник лабораторной, я хочу видеть требования и макеты в одном месте, чтобы связать решение с задачами.",AC1: Дано папка docs. Когда открыта README. Тогда все локальные материалы достижимы по относительным путям. | AC2: Дано открыты drawio и wireframes. Когда редактируется файл. Тогда структура остается читаемой.,"Wiki, User Flow, Figma-макеты и кликабельный прототип опубликованы и проверены; issue15 закрыта completed.",https://www.figma.com/design/QJOUjnQiwxzXIUY2ATDpZm/; docs/design/wireframes.html; docs/design/user-flow.drawio,Серверный API не реализован в MVP,Не указан,docs/wiki/MVP-Scope.md; https://github.com/akov40320/modul-labs/wiki; https://github.com/akov40320/modul-labs,Все,Форма приложения: localStorage; внешний канал: https://forms.yandex.ru/u/6ac336f295add59f2d7597ad; CRM/API pending,Нет,Аналитика: traceability; UX/UI: drawio/svg; документация: Wiki,akov40320,аналитик / дизайн / QA,https://github.com/akov40320/modul-labs/issues/15,open,Мария Волкова,Done,P2,аналитик / дизайн / QA,2026-10-05,2026-10-10,closed
MOD-402,Доработка,"GitHub Actions CI/CD, проверки и публикация",Средний,"ci,quality,node",https://akov40320.github.io/modul-labs/,MVP-1.0,Готово,"Выполнить lint/test/build в GitHub Actions, проверить отрицательный и исправленный PR и опубликовать main в GitHub Pages после успешного CI.",,,,,"Как разработчик, я хочу запускать одинаковые проверки локально, чтобы уменьшить риск ошибки перед merge.",AC1: Дано PR с ошибкой. Когда запущен CI. Тогда проверка неуспешна. | AC2: Дано исправление. Когда запущен CI. Тогда lint/test/build успешны. | AC3: Дано merge в main. Когда CI успешен. Тогда deploy публикует приложение в Pages.,"Выполнено 05.10.2026: красный CI https://github.com/akov40320/modul-labs/actions/runs/37268219608; зеленый CI https://github.com/akov40320/modul-labs/actions/runs/37268345975; merge+deploy SUCCESS https://github.com/akov40320/modul-labs/actions/runs/37269189301. main: required ci, strict, enforce admins, conversation resolution; reviews 0; no force push/delete.",https://www.figma.com/design/QJOUjnQiwxzXIUY2ATDpZm/; docs/design/wireframes.html; docs/design/user-flow.drawio,Серверный API не реализован в MVP,Не указан,docs/wiki/MVP-Scope.md; https://github.com/akov40320/modul-labs/wiki; https://github.com/akov40320/modul-labs,Все,Форма приложения: localStorage; внешний канал: https://forms.yandex.ru/u/6ac336f295add59f2d7597ad; CRM/API pending,Нет,DevOps: scripts/workflow; тестирование: unit; docs: CI/CD plan,akov40320,backend / DevOps,https://github.com/akov40320/modul-labs/issues/16,open,Дмитрий Орлов,Done,P2,backend / DevOps,2026-10-05,2026-10-10,closed
MOD-403,Доработка,Трассировка отчета и статусы внешних шагов,Средний,"docs,traceability,status",https://akov40320.github.io/modul-labs/,MVP-1.0,В работе,"Связать User Stories, критерии приемки, задачи, сервисные ссылки и подтвержденные результаты.",,,,,"Как проверяющий, я хочу видеть источник каждого требования, чтобы воспроизвести оценку результата.",AC1: Дано User Story в MVP Scope. Когда открыта трассировка. Тогда указаны связанные задачи и макеты. | AC2: Дано требуется внешний сервис. Когда читается статус. Тогда указан pending без фиктивного URL.,Repo/Pages/Wiki/форма/Алиса/milestone/16 issues опубликованы и подтверждены. Прототип проверен; финальная документация и поля Project завершаются.,https://www.figma.com/design/QJOUjnQiwxzXIUY2ATDpZm/; docs/design/wireframes.html; docs/design/user-flow.drawio,Серверный API не реализован в MVP,Не указан,docs/wiki/MVP-Scope.md; https://github.com/akov40320/modul-labs/wiki; https://github.com/akov40320/modul-labs,Все,Форма приложения: localStorage; внешний канал: https://forms.yandex.ru/u/6ac336f295add59f2d7597ad; CRM/API pending,Нет,Документация: README/MVP Scope; QA: links/status; Team Lead: review,akov40320,аналитик / дизайн / QA,https://github.com/akov40320/modul-labs/issues/17,open,Мария Волкова,In Progress,P2,аналитик / дизайн / QA,2026-10-05,2026-10-10,open
